log_id,seat_id,phone_number,usage_id,ticket_type,remaining_time,action,description,created_at
1,23,010-8616-5677,1028,TIME,360,CHECK_IN,23번 좌석 사용자 입실,2026-07-01 08:10:08
2,2,,,,,STATUS_CHANGE,좌석 상태를 점검 중으로 변경,2026-07-01 10:34:38
3,23,010-8616-5677,1028,TIME,147,FORCE_CHECKOUT,23번 좌석 관리자 강제 퇴실,2026-07-01 11:43:08
4,4,010-4947-4735,1054,PERIOD,,CHECK_IN,4번 좌석 사용자 입실,2026-07-01 13:10:43
5,10,,,,,STATUS_CHANGE,좌석 이상 확인으로 점검 상태 전환,2026-07-01 14:00:33
6,11,010-6039-7227,1044,TIME,360,CHECK_IN,11번 좌석 사용자 입실,2026-07-01 16:34:54
7,11,010-6039-7227,1044,TIME,309,FORCE_CHECKOUT,11번 좌석 관리자 강제 퇴실,2026-07-01 17:25:54
8,7,,,,,STATUS_CHANGE,좌석 상태를 점검 중으로 변경,2026-07-01 19:33:20
9,7,010-2450-5512,1020,PERIOD,,CHECK_IN,7번 좌석 사용자 입실,2026-07-01 20:08:58
10,4,010-1473-3575,1080,TIME,120,CHECK_IN,4번 좌석 사용자 입실,2026-07-01 21:06:30
11,3,,,,,STATUS_CHANGE,좌석 이상 확인으로 점검 상태 전환,2026-07-01 21:40:26
12,4,010-4947-4735,1054,PERIOD,,CHECK_OUT,4번 좌석 정상 퇴실,2026-07-01 22:04:43
13,4,010-1473-3575,1080,TIME,18,CHECK_OUT,4번 좌석 정상 퇴실,2026-07-01 22:48:30
14,2,010-1133-4717,1091,TIME,720,CHECK_IN,2번 좌석 사용자 입실,2026-07-01 23:03:23
15,2,010-1133-4717,1091,TIME,644,CHECK_OUT,2번 좌석 정상 퇴실,2026-07-02 00:19:23
16,24,010-1221-2066,1037,TIME,360,CHECK_IN,24번 좌석 사용자 입실,2026-07-02 03:17:41
17,5,010-3065-6284,1079,TIME,360,CHECK_IN,5번 좌석 사용자 입실,2026-07-02 03:22:44
18,7,010-2450-5512,1020,PERIOD,,CHECK_OUT,7번 좌석 정상 퇴실,2026-07-02 04:31:58
19,5,010-3065-6284,1079,TIME,222,CHECK_OUT,5번 좌석 정상 퇴실,2026-07-02 05:40:44
20,13,010-6039-7227,1046,PERIOD,,CHECK_IN,13번 좌석 사용자 입실,2026-07-02 05:53:34
21,24,010-1221-2066,1037,TIME,0,AUTO_CHECKOUT,24번 좌석 이용시간 종료로 자동 퇴실,2026-07-02 06:32:41
22,6,010-2866-6006,1102,TIME,360,CHECK_IN,6번 좌석 사용자 입실,2026-07-02 06:41:41
23,13,010-6039-7227,1046,PERIOD,,FORCE_CHECKOUT,13번 좌석 관리자 강제 퇴실,2026-07-02 07:15:34
24,19,010-1473-3575,1114,TIME,240,CHECK_IN,19번 좌석 사용자 입실,2026-07-02 08:42:31
25,6,010-2866-6006,1102,TIME,219,CHECK_OUT,6번 좌석 정상 퇴실,2026-07-02 09:02:41
26,19,010-1473-3575,1114,TIME,213,CHECK_OUT,19번 좌석 정상 퇴실,2026-07-02 09:09:31
27,19,010-8540-1633,1032,PERIOD,,CHECK_IN,19번 좌석 사용자 입실,2026-07-02 10:32:09
28,24,010-1266-2009,1082,TIME,360,CHECK_IN,24번 좌석 사용자 입실,2026-07-02 10:45:54
29,9,,,,,STATUS_CHANGE,좌석 상태를 이용 가능으로 변경,2026-07-02 11:02:57
30,24,010-1266-2009,1082,TIME,0,AUTO_CHECKOUT,24번 좌석 이용시간 종료로 자동 퇴실,2026-07-02 12:11:54
31,13,010-1133-4717,1024,PERIOD,,CHECK_IN,13번 좌석 사용자 입실,2026-07-02 12:54:13
32,18,010-1133-4717,1115,TIME,720,CHECK_IN,18번 좌석 사용자 입실,2026-07-02 16:20:21
33,18,010-1133-4717,1115,TIME,653,CHECK_OUT,18번 좌석 정상 퇴실,2026-07-02 17:27:21
34,19,010-8540-1633,1032,PERIOD,,AUTO_CHECKOUT,19번 좌석 이용시간 종료로 자동 퇴실,2026-07-02 18:35:09
35,13,010-1133-4717,1024,PERIOD,,CHECK_OUT,13번 좌석 정상 퇴실,2026-07-02 20:56:13
36,1,010-5030-5494,1106,TIME,360,CHECK_IN,1번 좌석 사용자 입실,2026-07-03 02:09:57
37,3,,,,,STATUS_CHANGE,좌석 이상 확인으로 점검 상태 전환,2026-07-03 02:21:25
38,3,,,,,STATUS_CHANGE,좌석 이상 확인으로 점검 상태 전환,2026-07-03 02:22:40
39,1,010-5030-5494,1106,TIME,66,CHECK_OUT,1번 좌석 정상 퇴실,2026-07-03 07:03:57
40,22,010-6447-1353,1099,TIME,240,CHECK_IN,22번 좌석 사용자 입실,2026-07-03 08:40:37
41,22,010-6447-1353,1099,TIME,161,CHECK_OUT,22번 좌석 정상 퇴실,2026-07-03 09:59:37
42,12,010-8822-8988,1013,TIME,720,CHECK_IN,12번 좌석 사용자 입실,2026-07-03 11:21:17
43,18,010-5687-9332,1086,PERIOD,,CHECK_IN,18번 좌석 사용자 입실,2026-07-03 12:55:31
44,17,010-5030-5494,1062,TIME,540,CHECK_IN,17번 좌석 사용자 입실,2026-07-03 13:06:48
45,18,010-5687-9332,1086,PERIOD,,CHECK_OUT,18번 좌석 정상 퇴실,2026-07-03 15:47:31
46,12,010-8822-8988,1013,TIME,369,CHECK_OUT,12번 좌석 정상 퇴실,2026-07-03 17:12:17
47,3,010-5409-3075,1064,TIME,540,CHECK_IN,3번 좌석 사용자 입실,2026-07-03 18:00:22
48,17,010-5030-5494,1062,TIME,245,CHECK_OUT,17번 좌석 정상 퇴실,2026-07-03 18:01:48
49,3,010-5409-3075,1064,TIME,229,CHECK_OUT,3번 좌석 정상 퇴실,2026-07-03 23:11:22
50,14,,,,,STATUS_CHANGE,좌석 상태를 점검 중으로 변경,2026-07-04 09:00:57
51,22,010-4947-4735,1042,TIME,720,CHECK_IN,22번 좌석 사용자 입실,2026-07-04 10:39:15
52,12,,,,,STATUS_CHANGE,좌석 이상 확인으로 점검 상태 전환,2026-07-04 10:42:17
53,1,010-2601-3972,1051,PERIOD,,CHECK_IN,1번 좌석 사용자 입실,2026-07-04 14:52:20
54,6,010-9611-3023,1038,TIME,120,CHECK_IN,6번 좌석 사용자 입실,2026-07-04 15:00:07
55,22,010-4947-4735,1042,TIME,431,CHECK_OUT,22번 좌석 정상 퇴실,2026-07-04 15:28:15
56,6,010-9611-3023,1038,TIME,64,CHECK_OUT,6번 좌석 정상 퇴실,2026-07-04 15:56:07
57,1,010-2601-3972,1051,PERIOD,,CHECK_OUT,1번 좌석 정상 퇴실,2026-07-04 16:35:20
58,13,010-5084-2082,1002,TIME,120,CHECK_IN,13번 좌석 사용자 입실,2026-07-04 18:43:28
59,5,010-2313-2364,1026,TIME,240,CHECK_IN,5번 좌석 사용자 입실,2026-07-04 18:54:23
60,5,010-2313-2364,1026,TIME,209,CHECK_OUT,5번 좌석 정상 퇴실,2026-07-04 19:25:23
61,13,010-5084-2082,1002,TIME,26,FORCE_CHECKOUT,13번 좌석 관리자 강제 퇴실,2026-07-04 20:17:28
62,19,010-9888-3363,1049,TIME,240,CHECK_IN,19번 좌석 사용자 입실,2026-07-04 21:58:32
63,8,,,,,STATUS_CHANGE,좌석 상태를 이용 가능으로 변경,2026-07-04 22:30:07
64,20,010-8540-1633,1021,TIME,360,CHECK_IN,20번 좌석 사용자 입실,2026-07-04 23:19:41
65,19,010-9888-3363,1049,TIME,0,AUTO_CHECKOUT,19번 좌석 이용시간 종료로 자동 퇴실,2026-07-05 00:27:32
66,20,010-8540-1633,1021,TIME,269,CHECK_OUT,20번 좌석 정상 퇴실,2026-07-05 00:50:41
67,22,,,,,STATUS_CHANGE,좌석 상태를 이용 가능으로 변경,2026-07-05 00:51:09
68,10,010-6449-9869,1120,PERIOD,,CHECK_IN,10번 좌석 사용자 입실,2026-07-05 04:11:25
69,16,010-8782-2438,1098,PERIOD,,CHECK_IN,16번 좌석 사용자 입실,2026-07-05 04:34:51
70,15,,,,,STATUS_CHANGE,좌석 상태를 이용 가능으로 변경,2026-07-05 05:28:53
71,10,010-6449-9869,1120,PERIOD,,CHECK_OUT,10번 좌석 정상 퇴실,2026-07-05 06:44:25
72,6,010-5084-2082,1004,PERIOD,,CHECK_IN,6번 좌석 사용자 입실,2026-07-05 09:00:59
73,16,010-8782-2438,1098,PERIOD,,AUTO_CHECKOUT,16번 좌석 이용시간 종료로 자동 퇴실,2026-07-05 09:29:51
74,6,010-5084-2082,1004,PERIOD,,CHECK_OUT,6번 좌석 정상 퇴실,2026-07-05 11:32:59
75,6,010-9888-3363,1077,PERIOD,,CHECK_IN,6번 좌석 사용자 입실,2026-07-05 14:16:37
76,6,010-9888-3363,1077,PERIOD,,AUTO_CHECKOUT,6번 좌석 이용시간 종료로 자동 퇴실,2026-07-05 15:32:37
77,1,010-3065-6284,1015,TIME,240,CHECK_IN,1번 좌석 사용자 입실,2026-07-05 19:29:15
78,19,,,,,STATUS_CHANGE,좌석 상태를 이용 가능으로 변경,2026-07-05 20:20:52
79,1,010-3065-6284,1015,TIME,115,CHECK_OUT,1번 좌석 정상 퇴실,2026-07-05 21:34:15
80,13,,,,,STATUS_CHANGE,점검 완료 후 이용 가능 상태로 복구,2026-07-06 04:15:18
81,24,010-2291-8638,1071,TIME,240,CHECK_IN,24번 좌석 사용자 입실,2026-07-06 04:59:02
82,25,010-3539-4290,1033,TIME,540,CHECK_IN,25번 좌석 사용자 입실,2026-07-06 05:17:54
83,19,010-6447-1353,1074,PERIOD,,CHECK_IN,19번 좌석 사용자 입실,2026-07-06 07:26:52
84,24,010-2291-8638,1071,TIME,0,AUTO_CHECKOUT,24번 좌석 이용시간 종료로 자동 퇴실,2026-07-06 08:40:02
85,6,010-5689-4540,1073,TIME,240,CHECK_IN,6번 좌석 사용자 입실,2026-07-06 10:08:10
86,21,010-2866-6006,1045,PERIOD,,CHECK_IN,21번 좌석 사용자 입실,2026-07-06 10:39:43
87,25,010-3539-4290,1033,TIME,186,CHECK_OUT,25번 좌석 정상 퇴실,2026-07-06 11:11:54
88,21,010-2866-6006,1045,PERIOD,,FORCE_CHECKOUT,21번 좌석 관리자 강제 퇴실,2026-07-06 11:30:43
89,4,010-7597-5162,1035,TIME,120,CHECK_IN,4번 좌석 사용자 입실,2026-07-06 13:21:49
90,6,010-5689-4540,1073,TIME,21,CHECK_OUT,6번 좌석 정상 퇴실,2026-07-06 13:47:10
91,19,010-6447-1353,1074,PERIOD,,CHECK_OUT,19번 좌석 정상 퇴실,2026-07-06 13:59:52
92,4,010-7597-5162,1035,TIME,0,AUTO_CHECKOUT,4번 좌석 이용시간 종료로 자동 퇴실,2026-07-06 14:02:49
93,3,,,,,STATUS_CHANGE,좌석 이상 확인으로 점검 상태 전환,2026-07-06 14:49:34
94,14,,,,,STATUS_CHANGE,좌석 상태를 이용 가능으로 변경,2026-07-06 19:49:30
95,6,010-1221-2066,1119,PERIOD,,CHECK_IN,6번 좌석 사용자 입실,2026-07-07 01:57:25
96,6,,,,,STATUS_CHANGE,점검 완료 후 이용 가능 상태로 복구,2026-07-07 02:22:12
97,21,010-2866-6006,1030,PERIOD,,CHECK_IN,21번 좌석 사용자 입실,2026-07-07 03:09:55
98,21,010-2866-6006,1030,PERIOD,,CHECK_OUT,21번 좌석 정상 퇴실,2026-07-07 04:23:55
99,15,,,,,STATUS_CHANGE,좌석 이상 확인으로 점검 상태 전환,2026-07-07 05:15:55
100,17,010-1016-9346,1043,PERIOD,,CHECK_IN,17번 좌석 사용자 입실,2026-07-07 07:04:43
101,17,010-1016-9346,1043,PERIOD,,CHECK_OUT,17번 좌석 정상 퇴실,2026-07-07 07:50:43
102,14,010-9304-7483,1118,TIME,720,CHECK_IN,14번 좌석 사용자 입실,2026-07-07 09:07:23
103,6,010-1221-2066,1119,PERIOD,,CHECK_OUT,6번 좌석 정상 퇴실,2026-07-07 09:15:25
104,17,010-7597-5162,1093,TIME,540,CHECK_IN,17번 좌석 사용자 입실,2026-07-07 09:49:41
105,8,,,,,STATUS_CHANGE,점검 완료 후 이용 가능 상태로 복구,2026-07-07 10:00:23
106,17,010-7597-5162,1093,TIME,432,CHECK_OUT,17번 좌석 정상 퇴실,2026-07-07 11:37:41
107,14,010-2407-7080,1103,TIME,720,CHECK_IN,14번 좌석 사용자 입실,2026-07-07 11:57:24
108,22,,,,,STATUS_CHANGE,좌석 이상 확인으로 점검 상태 전환,2026-07-07 14:27:03
109,14,010-9304-7483,1118,TIME,344,CHECK_OUT,14번 좌석 정상 퇴실,2026-07-07 15:23:23
110,6,,,,,STATUS_CHANGE,좌석 상태를 점검 중으로 변경,2026-07-07 16:44:33
111,14,010-2407-7080,1103,TIME,0,AUTO_CHECKOUT,14번 좌석 이용시간 종료로 자동 퇴실,2026-07-07 18:08:24
112,5,010-3065-6284,1023,TIME,360,CHECK_IN,5번 좌석 사용자 입실,2026-07-07 18:52:15
113,19,010-8540-1633,1052,TIME,120,CHECK_IN,19번 좌석 사용자 입실,2026-07-07 19:14:37
114,4,010-5745-3431,1031,PERIOD,,CHECK_IN,4번 좌석 사용자 입실,2026-07-07 19:57:29
115,22,,,,,STATUS_CHANGE,점검 완료 후 이용 가능 상태로 복구,2026-07-07 20:38:11
116,19,010-8540-1633,1052,TIME,0,AUTO_CHECKOUT,19번 좌석 이용시간 종료로 자동 퇴실,2026-07-07 21:08:37
117,5,010-3065-6284,1023,TIME,150,CHECK_OUT,5번 좌석 정상 퇴실,2026-07-07 22:22:15
118,1,010-5030-5494,1017,TIME,360,CHECK_IN,1번 좌석 사용자 입실,2026-07-07 22:22:35
119,14,,,,,STATUS_CHANGE,좌석 상태를 점검 중으로 변경,2026-07-08 00:59:02
120,1,010-5030-5494,1017,TIME,136,CHECK_OUT,1번 좌석 정상 퇴실,2026-07-08 02:06:35
121,23,,,,,STATUS_CHANGE,좌석 상태를 이용 가능으로 변경,2026-07-08 02:14:37
122,16,010-5745-3431,1036,PERIOD,,CHECK_IN,16번 좌석 사용자 입실,2026-07-08 03:37:48
123,4,010-5745-3431,1031,PERIOD,,CHECK_OUT,4번 좌석 정상 퇴실,2026-07-08 03:46:29
124,16,010-5745-3431,1036,PERIOD,,CHECK_OUT,16번 좌석 정상 퇴실,2026-07-08 04:38:48
125,5,010-5409-3075,1081,TIME,360,CHECK_IN,5번 좌석 사용자 입실,2026-07-08 05:06:01
126,5,010-5409-3075,1081,TIME,254,CHECK_OUT,5번 좌석 정상 퇴실,2026-07-08 06:52:01
127,22,010-2291-8638,1095,TIME,360,CHECK_IN,22번 좌석 사용자 입실,2026-07-08 07:01:51
128,8,010-8564-2150,1087,TIME,540,CHECK_IN,8번 좌석 사용자 입실,2026-07-08 07:43:06
129,22,010-2291-8638,1095,TIME,262,FORCE_CHECKOUT,22번 좌석 관리자 강제 퇴실,2026-07-08 08:39:51
130,22,,,,,STATUS_CHANGE,점검 완료 후 이용 가능 상태로 복구,2026-07-08 09:12:04
131,4,,,,,STATUS_CHANGE,좌석 상태를 이용 가능으로 변경,2026-07-08 10:34:26
132,8,010-8564-2150,1087,TIME,355,CHECK_OUT,8번 좌석 정상 퇴실,2026-07-08 10:48:06
133,1,,,,,STATUS_CHANGE,좌석 상태를 점검 중으로 변경,2026-07-08 11:29:19
134,15,,,,,STATUS_CHANGE,좌석 이상 확인으로 점검 상태 전환,2026-07-08 11:33:07
135,21,010-7781-9206,1040,PERIOD,,CHECK_IN,21번 좌석 사용자 입실,2026-07-08 12:54:55
136,22,010-7597-5162,1112,PERIOD,,CHECK_IN,22번 좌석 사용자 입실,2026-07-08 13:14:30
137,21,010-7781-9206,1040,PERIOD,,AUTO_CHECKOUT,21번 좌석 이용시간 종료로 자동 퇴실,2026-07-08 16:45:55
138,22,,,,,STATUS_CHANGE,점검 완료 후 이용 가능 상태로 복구,2026-07-08 17:09:27
139,22,010-7597-5162,1112,PERIOD,,CHECK_OUT,22번 좌석 정상 퇴실,2026-07-08 18:15:30
140,23,,,,,STATUS_CHANGE,점검 완료 후 이용 가능 상태로 복구,2026-07-08 19:26:39
141,16,,,,,STATUS_CHANGE,좌석 상태를 점검 중으로 변경,2026-07-08 19:27:48
142,7,010-7781-9206,1016,TIME,720,CHECK_IN,7번 좌석 사용자 입실,2026-07-08 22:11:26
143,3,010-5689-4540,1012,TIME,240,CHECK_IN,3번 좌석 사용자 입실,2026-07-08 22:45:45
144,3,010-5689-4540,1012,TIME,178,CHECK_OUT,3번 좌석 정상 퇴실,2026-07-08 23:47:45
145,7,010-7781-9206,1016,TIME,554,CHECK_OUT,7번 좌석 정상 퇴실,2026-07-09 00:57:26
146,3,010-8885-2045,1010,TIME,540,CHECK_IN,3번 좌석 사용자 입실,2026-07-09 04:32:41
147,18,010-8885-2045,1069,PERIOD,,CHECK_IN,18번 좌석 사용자 입실,2026-07-09 05:13:28
148,12,010-5745-3431,1008,PERIOD,,CHECK_IN,12번 좌석 사용자 입실,2026-07-09 05:32:34
149,12,010-5745-3431,1008,PERIOD,,CHECK_OUT,12번 좌석 정상 퇴실,2026-07-09 06:49:34
150,6,,,,,STATUS_CHANGE,좌석 상태를 점검 중으로 변경,2026-07-09 07:45:34
151,18,010-8885-2045,1069,PERIOD,,CHECK_OUT,18번 좌석 정상 퇴실,2026-07-09 08:47:28
152,5,,,,,STATUS_CHANGE,좌석 상태를 점검 중으로 변경,2026-07-09 10:02:13
153,25,010-3959-8499,1056,TIME,240,CHECK_IN,25번 좌석 사용자 입실,2026-07-09 10:28:20
154,25,010-3959-8499,1056,TIME,212,CHECK_OUT,25번 좌석 정상 퇴실,2026-07-09 10:56:20
155,3,010-8885-2045,1010,TIME,54,CHECK_OUT,3번 좌석 정상 퇴실,2026-07-09 12:38:41
156,1,,,,,STATUS_CHANGE,좌석 상태를 이용 가능으로 변경,2026-07-09 16:27:02
157,6,,,,,STATUS_CHANGE,좌석 상태를 점검 중으로 변경,2026-07-09 18:13:28
158,16,010-8648-9552,1057,PERIOD,,CHECK_IN,16번 좌석 사용자 입실,2026-07-09 21:45:19
159,6,010-5084-2082,1101,TIME,120,CHECK_IN,6번 좌석 사용자 입실,2026-07-09 22:40:19
160,6,010-5084-2082,1101,TIME,28,CHECK_OUT,6번 좌석 정상 퇴실,2026-07-10 00:12:19
161,17,,,,,STATUS_CHANGE,좌석 상태를 점검 중으로 변경,2026-07-10 03:16:36
162,16,010-8648-9552,1057,PERIOD,,CHECK_OUT,16번 좌석 정상 퇴실,2026-07-10 03:24:19
163,25,010-8782-2438,1085,PERIOD,,CHECK_IN,25번 좌석 사용자 입실,2026-07-10 04:00:55
164,18,010-2291-8638,1048,TIME,540,CHECK_IN,18번 좌석 사용자 입실,2026-07-10 06:29:37
165,6,,,,,STATUS_CHANGE,좌석 상태를 이용 가능으로 변경,2026-07-10 08:51:42
166,25,010-8782-2438,1085,PERIOD,,CHECK_OUT,25번 좌석 정상 퇴실,2026-07-10 10:25:55
167,17,,,,,STATUS_CHANGE,좌석 이상 확인으로 점검 상태 전환,2026-07-10 10:36:33
168,18,010-2291-8638,1048,TIME,291,CHECK_OUT,18번 좌석 정상 퇴실,2026-07-10 10:38:37
169,24,010-8540-1633,1027,PERIOD,,CHECK_IN,24번 좌석 사용자 입실,2026-07-10 13:47:41
170,18,,,,,STATUS_CHANGE,좌석 상태를 점검 중으로 변경,2026-07-10 17:12:27
171,3,010-2291-8638,1001,TIME,240,CHECK_IN,3번 좌석 사용자 입실,2026-07-10 17:16:49
172,3,010-2291-8638,1001,TIME,189,CHECK_OUT,3번 좌석 정상 퇴실,2026-07-10 18:07:49
173,3,010-8648-9552,1108,PERIOD,,CHECK_IN,3번 좌석 사용자 입실,2026-07-10 18:22:47
174,3,010-2291-8638,1117,TIME,360,CHECK_IN,3번 좌석 사용자 입실,2026-07-10 18:50:35
175,3,010-8648-9552,1108,PERIOD,,CHECK_OUT,3번 좌석 정상 퇴실,2026-07-10 19:01:47
176,22,010-7567-8821,1018,TIME,120,CHECK_IN,22번 좌석 사용자 입실,2026-07-10 21:51:35
177,24,010-8540-1633,1027,PERIOD,,CHECK_OUT,24번 좌석 정상 퇴실,2026-07-10 22:36:41
178,3,010-2291-8638,1117,TIME,128,CHECK_OUT,3번 좌석 정상 퇴실,2026-07-10 22:42:35
179,22,010-7567-8821,1018,TIME,55,FORCE_CHECKOUT,22번 좌석 관리자 강제 퇴실,2026-07-10 22:56:35
180,18,010-4947-4735,1060,TIME,120,CHECK_IN,18번 좌석 사용자 입실,2026-07-11 06:24:36
181,18,010-4947-4735,1060,TIME,25,CHECK_OUT,18번 좌석 정상 퇴실,2026-07-11 07:59:36
182,14,010-8648-9552,1053,TIME,720,CHECK_IN,14번 좌석 사용자 입실,2026-07-11 08:07:18
183,5,010-9888-3363,1075,TIME,540,CHECK_IN,5번 좌석 사용자 입실,2026-07-11 10:30:22
184,5,010-9888-3363,1075,TIME,467,CHECK_OUT,5번 좌석 정상 퇴실,2026-07-11 11:43:22
185,15,010-2450-5512,1094,TIME,240,CHECK_IN,15번 좌석 사용자 입실,2026-07-11 11:49:48
186,14,010-8648-9552,1053,TIME,471,CHECK_OUT,14번 좌석 정상 퇴실,2026-07-11 12:16:18
187,24,,,,,STATUS_CHANGE,좌석 상태를 점검 중으로 변경,2026-07-11 12:40:49
188,23,010-7140-5442,1070,TIME,540,CHECK_IN,23번 좌석 사용자 입실,2026-07-11 13:22:37
189,1,010-3065-6284,1011,PERIOD,,CHECK_IN,1번 좌석 사용자 입실,2026-07-11 14:30:17
190,5,010-7209-9161,1078,TIME,240,CHECK_IN,5번 좌석 사용자 입실,2026-07-11 14:33:18
191,15,010-2450-5512,1094,TIME,73,FORCE_CHECKOUT,15번 좌석 관리자 강제 퇴실,2026-07-11 14:36:48
192,3,010-8564-2150,1007,TIME,120,CHECK_IN,3번 좌석 사용자 입실,2026-07-11 15:35:15
193,5,010-7209-9161,1078,TIME,0,AUTO_CHECKOUT,5번 좌석 이용시간 종료로 자동 퇴실,2026-07-11 15:40:18
194,3,010-8564-2150,1007,TIME,58,CHECK_OUT,3번 좌석 정상 퇴실,2026-07-11 16:37:15
195,23,010-7140-5442,1070,TIME,304,CHECK_OUT,23번 좌석 정상 퇴실,2026-07-11 17:18:37
196,5,,,,,STATUS_CHANGE,좌석 이상 확인으로 점검 상태 전환,2026-07-11 17:38:34
197,21,,,,,STATUS_CHANGE,좌석 이상 확인으로 점검 상태 전환,2026-07-11 17:38:49
198,1,010-3065-6284,1011,PERIOD,,CHECK_OUT,1번 좌석 정상 퇴실,2026-07-11 17:50:17
199,2,010-8885-2045,1047,PERIOD,,CHECK_IN,2번 좌석 사용자 입실,2026-07-11 17:57:16
200,2,010-7781-9206,1068,TIME,360,CHECK_IN,2번 좌석 사용자 입실,2026-07-11 18:20:36
201,20,010-5553-3720,1009,TIME,360,CHECK_IN,20번 좌석 사용자 입실,2026-07-11 19:16:54
202,9,,,,,STATUS_CHANGE,좌석 상태를 이용 가능으로 변경,2026-07-11 19:46:00
203,1,,,,,STATUS_CHANGE,좌석 이상 확인으로 점검 상태 전환,2026-07-11 21:53:30
204,2,010-7781-9206,1068,TIME,103,CHECK_OUT,2번 좌석 정상 퇴실,2026-07-11 22:37:36
205,19,,,,,STATUS_CHANGE,점검 완료 후 이용 가능 상태로 복구,2026-07-12 00:23:39
206,20,010-5553-3720,1009,TIME,9,CHECK_OUT,20번 좌석 정상 퇴실,2026-07-12 01:07:54
207,2,010-8885-2045,1047,PERIOD,,CHECK_OUT,2번 좌석 정상 퇴실,2026-07-12 01:15:16
208,12,010-7597-5162,1025,TIME,120,CHECK_IN,12번 좌석 사용자 입실,2026-07-12 07:46:54
209,12,010-7597-5162,1025,TIME,53,CHECK_OUT,12번 좌석 정상 퇴실,2026-07-12 08:53:54
210,5,010-2291-8638,1029,TIME,540,CHECK_IN,5번 좌석 사용자 입실,2026-07-12 09:52:41
211,3,,,,,STATUS_CHANGE,좌석 상태를 점검 중으로 변경,2026-07-12 10:36:33
212,1,010-7786-4420,1058,PERIOD,,CHECK_IN,1번 좌석 사용자 입실,2026-07-12 12:58:50
213,1,010-7786-4420,1058,PERIOD,,CHECK_OUT,1번 좌석 정상 퇴실,2026-07-12 14:00:50
214,16,,,,,STATUS_CHANGE,점검 완료 후 이용 가능 상태로 복구,2026-07-12 16:07:56
215,25,010-2407-7080,1089,TIME,360,CHECK_IN,25번 좌석 사용자 입실,2026-07-12 16:22:52
216,25,010-2407-7080,1089,TIME,331,CHECK_OUT,25번 좌석 정상 퇴실,2026-07-12 16:51:52
217,13,010-2866-6006,1005,PERIOD,,CHECK_IN,13번 좌석 사용자 입실,2026-07-12 17:42:37
218,4,010-7209-9161,1059,PERIOD,,CHECK_IN,4번 좌석 사용자 입실,2026-07-12 17:54:34
219,5,010-2291-8638,1029,TIME,24,CHECK_OUT,5번 좌석 정상 퇴실,2026-07-12 18:28:41
220,4,010-7209-9161,1059,PERIOD,,AUTO_CHECKOUT,4번 좌석 이용시간 종료로 자동 퇴실,2026-07-12 18:44:34
221,19,,,,,STATUS_CHANGE,좌석 이상 확인으로 점검 상태 전환,2026-07-12 19:19:00
222,13,010-2866-6006,1005,PERIOD,,CHECK_OUT,13번 좌석 정상 퇴실,2026-07-12 23:47:37
223,14,010-8540-1633,1067,TIME,540,CHECK_IN,14번 좌석 사용자 입실,2026-07-13 01:22:00
224,13,,,,,STATUS_CHANGE,점검 완료 후 이용 가능 상태로 복구,2026-07-13 01:35:11
225,13,010-8885-2045,1088,PERIOD,,CHECK_IN,13번 좌석 사용자 입실,2026-07-13 02:16:10
226,1,,,,,STATUS_CHANGE,좌석 상태를 이용 가능으로 변경,2026-07-13 03:51:33
227,14,010-8540-1633,1067,TIME,254,FORCE_CHECKOUT,14번 좌석 관리자 강제 퇴실,2026-07-13 06:08:00
228,13,010-8885-2045,1088,PERIOD,,CHECK_OUT,13번 좌석 정상 퇴실,2026-07-13 07:43:10
229,15,010-2313-2364,1061,TIME,240,CHECK_IN,15번 좌석 사용자 입실,2026-07-13 15:29:11
230,15,010-2313-2364,1061,TIME,0,AUTO_CHECKOUT,15번 좌석 이용시간 종료로 자동 퇴실,2026-07-13 17:37:11
231,17,010-8540-1633,1022,PERIOD,,CHECK_IN,17번 좌석 사용자 입실,2026-07-13 17:43:27
232,1,010-2291-8638,1111,PERIOD,,CHECK_IN,1번 좌석 사용자 입실,2026-07-13 20:01:23
233,8,010-6449-9869,1105,TIME,360,CHECK_IN,8번 좌석 사용자 입실,2026-07-13 21:07:25
234,14,010-8540-1633,1063,PERIOD,,CHECK_IN,14번 좌석 사용자 입실,2026-07-13 21:15:19
235,17,010-8540-1633,1022,PERIOD,,CHECK_OUT,17번 좌석 정상 퇴실,2026-07-14 00:38:27
236,8,010-6449-9869,1105,TIME,95,CHECK_OUT,8번 좌석 정상 퇴실,2026-07-14 01:32:25
237,1,010-2291-8638,1111,PERIOD,,CHECK_OUT,1번 좌석 정상 퇴실,2026-07-14 01:46:23
238,14,010-8540-1633,1063,PERIOD,,CHECK_OUT,14번 좌석 정상 퇴실,2026-07-14 03:19:19
239,15,,,,,STATUS_CHANGE,점검 완료 후 이용 가능 상태로 복구,2026-07-14 04:12:40
240,6,,,,,STATUS_CHANGE,좌석 상태를 점검 중으로 변경,2026-07-14 05:25:30
241,14,010-1221-2066,1055,PERIOD,,CHECK_IN,14번 좌석 사용자 입실,2026-07-14 05:33:03
242,8,010-3959-8499,1113,TIME,360,CHECK_IN,8번 좌석 사용자 입실,2026-07-14 05:48:43
243,19,010-5084-2082,1083,PERIOD,,CHECK_IN,19번 좌석 사용자 입실,2026-07-14 05:52:49
244,8,010-3959-8499,1113,TIME,0,AUTO_CHECKOUT,8번 좌석 이용시간 종료로 자동 퇴실,2026-07-14 07:29:43
245,15,,,,,STATUS_CHANGE,좌석 상태를 이용 가능으로 변경,2026-07-14 09:20:21
246,19,010-5084-2082,1083,PERIOD,,CHECK_OUT,19번 좌석 정상 퇴실,2026-07-14 12:16:49
247,9,010-5745-3431,1092,PERIOD,,CHECK_IN,9번 좌석 사용자 입실,2026-07-14 13:44:48
248,22,010-7567-8821,1072,PERIOD,,CHECK_IN,22번 좌석 사용자 입실,2026-07-14 14:56:21
249,10,,,,,STATUS_CHANGE,좌석 상태를 이용 가능으로 변경,2026-07-14 15:06:47
250,14,010-1221-2066,1055,PERIOD,,CHECK_OUT,14번 좌석 정상 퇴실,2026-07-14 15:17:03
251,6,010-7597-5162,1084,TIME,120,CHECK_IN,6번 좌석 사용자 입실,2026-07-14 15:21:21
252,6,010-7597-5162,1084,TIME,85,CHECK_OUT,6번 좌석 정상 퇴실,2026-07-14 15:56:21
253,21,,,,,STATUS_CHANGE,점검 완료 후 이용 가능 상태로 복구,2026-07-14 16:42:10
254,9,010-5745-3431,1092,PERIOD,,CHECK_OUT,9번 좌석 정상 퇴실,2026-07-14 17:29:48
255,4,010-7140-5442,1065,TIME,240,CHECK_IN,4번 좌석 사용자 입실,2026-07-14 18:45:06
256,4,010-7140-5442,1065,TIME,84,CHECK_OUT,4번 좌석 정상 퇴실,2026-07-14 21:21:06
257,22,010-7567-8821,1072,PERIOD,,FORCE_CHECKOUT,22번 좌석 관리자 강제 퇴실,2026-07-14 22:55:21
258,18,010-5687-9332,1066,PERIOD,,CHECK_IN,18번 좌석 사용자 입실,2026-07-15 03:50:43
259,19,010-2601-3972,1097,TIME,720,CHECK_IN,19번 좌석 사용자 입실,2026-07-15 08:42:02
260,18,010-5687-9332,1066,PERIOD,,AUTO_CHECKOUT,18번 좌석 이용시간 종료로 자동 퇴실,2026-07-15 09:30:43
261,19,010-2601-3972,1097,TIME,627,FORCE_CHECKOUT,19번 좌석 관리자 강제 퇴실,2026-07-15 10:15:02
262,11,010-7567-8821,1110,TIME,240,CHECK_IN,11번 좌석 사용자 입실,2026-07-15 10:23:45
263,11,010-7567-8821,1110,TIME,124,CHECK_OUT,11번 좌석 정상 퇴실,2026-07-15 12:19:45
264,20,010-7893-5693,1104,TIME,720,CHECK_IN,20번 좌석 사용자 입실,2026-07-15 12:57:12
265,10,010-8564-2150,1116,TIME,120,CHECK_IN,10번 좌석 사용자 입실,2026-07-15 13:33:50
266,20,010-7893-5693,1104,TIME,0,AUTO_CHECKOUT,20번 좌석 이용시간 종료로 자동 퇴실,2026-07-15 14:30:12
267,10,010-8564-2150,1116,TIME,58,CHECK_OUT,10번 좌석 정상 퇴실,2026-07-15 14:35:50
268,7,010-7567-8821,1109,PERIOD,,CHECK_IN,7번 좌석 사용자 입실,2026-07-15 15:11:35
269,18,010-1473-3575,1003,TIME,360,CHECK_IN,18번 좌석 사용자 입실,2026-07-15 15:39:34
270,2,,,,,STATUS_CHANGE,좌석 상태를 점검 중으로 변경,2026-07-15 15:59:53
271,9,,,,,STATUS_CHANGE,좌석 상태를 이용 가능으로 변경,2026-07-15 16:03:22
272,18,010-1473-3575,1003,TIME,281,CHECK_OUT,18번 좌석 정상 퇴실,2026-07-15 16:58:34
273,19,010-7597-5162,1100,TIME,540,CHECK_IN,19번 좌석 사용자 입실,2026-07-15 17:08:00
274,7,010-5409-3075,1006,PERIOD,,CHECK_IN,7번 좌석 사용자 입실,2026-07-15 19:47:49
275,15,010-1133-4717,1041,PERIOD,,CHECK_IN,15번 좌석 사용자 입실,2026-07-15 20:39:35
276,15,010-1133-4717,1041,PERIOD,,CHECK_OUT,15번 좌석 정상 퇴실,2026-07-15 21:12:35
277,1,010-8885-2045,1014,TIME,240,CHECK_IN,1번 좌석 사용자 입실,2026-07-15 23:39:04
278,7,010-7567-8821,1109,PERIOD,,CHECK_OUT,7번 좌석 정상 퇴실,2026-07-16 00:24:35
279,7,010-5409-3075,1006,PERIOD,,CHECK_OUT,7번 좌석 정상 퇴실,2026-07-16 00:24:49
280,19,010-7597-5162,1100,TIME,10,CHECK_OUT,19번 좌석 정상 퇴실,2026-07-16 01:58:00
281,1,010-8885-2045,1014,TIME,27,CHECK_OUT,1번 좌석 정상 퇴실,2026-07-16 03:12:04
282,23,010-6039-7227,1034,PERIOD,,CHECK_IN,23번 좌석 사용자 입실,2026-07-16 04:02:19
283,21,010-9304-7483,1019,TIME,540,CHECK_IN,21번 좌석 사용자 입실,2026-07-16 05:14:44
284,13,010-5745-3431,1076,TIME,120,CHECK_IN,13번 좌석 사용자 입실,2026-07-16 05:59:52
285,13,010-5745-3431,1076,TIME,25,CHECK_OUT,13번 좌석 정상 퇴실,2026-07-16 07:34:52
286,20,010-1016-9346,1096,TIME,360,CHECK_IN,20번 좌석 사용자 입실,2026-07-16 08:14:40
287,23,010-6039-7227,1034,PERIOD,,CHECK_OUT,23번 좌석 정상 퇴실,2026-07-16 08:33:19
288,18,010-2601-3972,1050,TIME,120,CHECK_IN,18번 좌석 사용자 입실,2026-07-16 08:51:08
289,21,010-5187-4999,1107,PERIOD,,CHECK_IN,21번 좌석 사용자 입실,2026-07-16 08:58:33
290,21,010-9304-7483,1019,TIME,291,CHECK_OUT,21번 좌석 정상 퇴실,2026-07-16 09:23:44
291,17,010-2601-3972,1090,PERIOD,,CHECK_IN,17번 좌석 사용자 입실,2026-07-16 09:25:36
292,18,010-2601-3972,1050,TIME,78,CHECK_OUT,18번 좌석 정상 퇴실,2026-07-16 09:33:08
293,22,010-5553-3720,1039,TIME,720,CHECK_IN,22번 좌석 사용자 입실,2026-07-16 09:41:29
294,17,010-2601-3972,1090,PERIOD,,CHECK_OUT,17번 좌석 정상 퇴실,2026-07-16 11:30:36
295,20,010-1016-9346,1096,TIME,0,AUTO_CHECKOUT,20번 좌석 이용시간 종료로 자동 퇴실,2026-07-16 12:40:40
296,22,,,,,STATUS_CHANGE,좌석 상태를 이용 가능으로 변경,2026-07-16 12:58:15
297,21,010-5187-4999,1107,PERIOD,,CHECK_OUT,21번 좌석 정상 퇴실,2026-07-16 13:57:33
298,13,,,,,STATUS_CHANGE,좌석 상태를 점검 중으로 변경,2026-07-16 16:22:58
299,22,010-5553-3720,1039,TIME,300,CHECK_OUT,22번 좌석 정상 퇴실,2026-07-16 16:41:29
300,3,,,,,STATUS_CHANGE,좌석 이상 확인으로 점검 상태 전환,2026-07-16 20:07:48
